archivo,instancia,particiones,i,algs,tt,ta
myciel3-10.1.col.0,myciel3,10,1,0,0.131217,0.128942
myciel3-10.1.col.11,myciel3,10,1,11,0.057806,0.046411
myciel3-10.1.col.19,myciel3,10,1,19,0.0622182,0.045589
myciel3-10.1.col.3,myciel3,10,1,3,0.105516,0.102165
myciel3-10.1.col.8,myciel3,10,1,8,0.0577319,0.0482819
myciel3-10.2.col.0,myciel3,10,2,0,0.106909,0.104009
myciel3-10.2.col.11,myciel3,10,2,11,0.0586538,0.0502648
myciel3-10.2.col.19,myciel3,10,2,19,0.0609419,0.051831
myciel3-10.2.col.3,myciel3,10,2,3,0.0734339,0.069536
myciel3-10.2.col.8,myciel3,10,2,8,0.067461,0.05968
myciel3-10.3.col.0,myciel3,10,3,0,0.133928,0.130807
myciel3-10.3.col.11,myciel3,10,3,11,0.05475,0.0460341
myciel3-10.3.col.19,myciel3,10,3,19,0.0558791,0.044755
myciel3-10.3.col.3,myciel3,10,3,3,0.100386,0.0969779
myciel3-10.3.col.8,myciel3,10,3,8,0.0595798,0.0504301
myciel3-10.4.col.0,myciel3,10,4,0,0.11831,0.116253
myciel3-10.4.col.11,myciel3,10,4,11,0.075958,0.0614691
myciel3-10.4.col.19,myciel3,10,4,19,0.072839,0.061588
myciel3-10.4.col.3,myciel3,10,4,3,0.156207,0.150006
myciel3-10.4.col.8,myciel3,10,4,8,0.072026,0.0628691
myciel3-10.5.col.0,myciel3,10,5,0,0.142275,0.138761
myciel3-10.5.col.11,myciel3,10,5,11,0.0768631,0.062752
myciel3-10.5.col.19,myciel3,10,5,19,0.0719261,0.060915
myciel3-10.5.col.3,myciel3,10,5,3,0.12526,0.121063
myciel3-10.5.col.8,myciel3,10,5,8,0.074439,0.0644569
myciel3-5.1.col.0,myciel3,5,1,0,0.0202401,0.019923
myciel3-5.1.col.11,myciel3,5,1,11,0.029901,0.0218511
myciel3-5.1.col.19,myciel3,5,1,19,0.0255032,0.015898
myciel3-5.1.col.3,myciel3,5,1,3,0.024395,0.0217068
myciel3-5.1.col.8,myciel3,5,1,8,0.0245788,0.0206852
myciel3-5.2.col.0,myciel3,5,2,0,0.00704408,0.00674796
myciel3-5.2.col.11,myciel3,5,2,11,0.0094769,0.00261903
myciel3-5.2.col.19,myciel3,5,2,19,0.00677681,0.00175905
myciel3-5.2.col.3,myciel3,5,2,3,0.0108378,0.00855708
myciel3-5.2.col.8,myciel3,5,2,8,0.00590682,0.00191903
myciel3-5.3.col.0,myciel3,5,3,0,0.00915909,0.00886607
myciel3-5.3.col.11,myciel3,5,3,11,0.0126209,0.00218606
myciel3-5.3.col.19,myciel3,5,3,19,0.00848603,0.00181389
myciel3-5.3.col.3,myciel3,5,3,3,0.0152948,0.011972
myciel3-5.3.col.8,myciel3,5,3,8,0.0127418,0.00907183
myciel3-5.4.col.0,myciel3,5,4,0,0.0155549,0.0144918
myciel3-5.4.col.11,myciel3,5,4,11,0.0117669,0.00618196
myciel3-5.4.col.19,myciel3,5,4,19,0.01542,0.0018239
myciel3-5.4.col.3,myciel3,5,4,3,0.010509,0.00878406
myciel3-5.4.col.8,myciel3,5,4,8,0.00951195,0.00526094
myciel3-5.5.col.0,myciel3,5,5,0,0.013387,0.0130029
myciel3-5.5.col.11,myciel3,5,5,11,0.0114589,0.00658703
myciel3-5.5.col.19,myciel3,5,5,19,0.00886202,0.00214291
myciel3-5.5.col.3,myciel3,5,5,3,0.0134749,0.011827
myciel3-5.5.col.8,myciel3,5,5,8,0.0120838,0.00903201
myciel4-10.1.col.0,myciel4,10,1,0,0.0473831,0.045656
myciel4-10.1.col.11,myciel4,10,1,11,0.0315659,0.0129421
myciel4-10.1.col.19,myciel4,10,1,19,0.035707,0.012965
myciel4-10.1.col.3,myciel4,10,1,3,0.028095,0.019089
myciel4-10.1.col.8,myciel4,10,1,8,0.0301139,0.0130332
myciel4-10.2.col.0,myciel4,10,2,0,0.0624161,0.0609879
myciel4-10.2.col.11,myciel4,10,2,11,0.0598018,0.0280561
myciel4-10.2.col.19,myciel4,10,2,19,0.0776989,0.0285161
myciel4-10.2.col.3,myciel4,10,2,3,0.0927131,0.0864091
myciel4-10.2.col.8,myciel4,10,2,8,0.141722,0.114006
myciel4-10.3.col.0,myciel4,10,3,0,0.0388732,0.0376971
myciel4-10.3.col.11,myciel4,10,3,11,0.032989,0.0105112
myciel4-10.3.col.19,myciel4,10,3,19,0.0336542,0.00948811
myciel4-10.3.col.3,myciel4,10,3,3,0.0471029,0.039423
myciel4-10.3.col.8,myciel4,10,3,8,0.0342431,0.014967
myciel4-10.4.col.0,myciel4,10,4,0,0.0850461,0.0838702
myciel4-10.4.col.11,myciel4,10,4,11,0.11157,0.0776031
myciel4-10.4.col.19,myciel4,10,4,19,0.0816081,0.026521
myciel4-10.4.col.3,myciel4,10,4,3,0.0869591,0.079555
myciel4-10.4.col.8,myciel4,10,4,8,0.162601,0.137122
myciel4-10.5.col.0,myciel4,10,5,0,0.0777769,0.0766771
myciel4-10.5.col.11,myciel4,10,5,11,0.041079,0.0176711
myciel4-10.5.col.19,myciel4,10,5,19,0.0473111,0.020896
myciel4-10.5.col.3,myciel4,10,5,3,0.084141,0.0782249
myciel4-10.5.col.8,myciel4,10,5,8,0.029876,0.016048
myciel4-15.1.col.0,myciel4,15,1,0,1.33175,1.32629
myciel4-15.1.col.11,myciel4,15,1,11,0.745846,0.667465
myciel4-15.1.col.19,myciel4,15,1,19,0.745966,0.63885
myciel4-15.1.col.3,myciel4,15,1,3,1.10522,1.07534
myciel4-15.1.col.8,myciel4,15,1,8,0.515727,0.456259
myciel4-15.2.col.0,myciel4,15,2,0,0.871306,0.865778
myciel4-15.2.col.11,myciel4,15,2,11,0.931782,0.877021
myciel4-15.2.col.19,myciel4,15,2,19,0.835829,0.733941
myciel4-15.2.col.3,myciel4,15,2,3,1.31862,1.30337
myciel4-15.2.col.8,myciel4,15,2,8,1.12659,1.08929
myciel4-15.3.col.0,myciel4,15,3,0,1.68917,1.68073
myciel4-15.3.col.11,myciel4,15,3,11,1.29096,1.21341
myciel4-15.3.col.19,myciel4,15,3,19,1.17056,1.05158
myciel4-15.3.col.3,myciel4,15,3,3,1.58283,1.56579
myciel4-15.3.col.8,myciel4,15,3,8,1.29121,1.23614
myciel4-15.4.col.0,myciel4,15,4,0,1.46984,1.46084
myciel4-15.4.col.11,myciel4,15,4,11,1.13889,1.08278
myciel4-15.4.col.19,myciel4,15,4,19,0.735482,0.646106
myciel4-15.4.col.3,myciel4,15,4,3,1.22897,1.21604
myciel4-15.4.col.8,myciel4,15,4,8,1.0737,1.03337
myciel4-15.5.col.0,myciel4,15,5,0,1.84526,1.83573
myciel4-15.5.col.11,myciel4,15,5,11,1.03156,0.961412
myciel4-15.5.col.19,myciel4,15,5,19,0.910731,0.834819
myciel4-15.5.col.3,myciel4,15,5,3,1.67401,1.65378
myciel4-15.5.col.8,myciel4,15,5,8,0.966746,0.912529
myciel4-20.1.col.0,myciel4,20,1,0,251.778,251.767
myciel4-20.1.col.11,myciel4,20,1,11,281.147,281.039
myciel4-20.1.col.19,myciel4,20,1,19,284.897,284.793
myciel4-20.1.col.3,myciel4,20,1,3,322.939,322.911
myciel4-20.1.col.8,myciel4,20,1,8,331.135,331.063
myciel4-20.2.col.0,myciel4,20,2,0,306.17,306.162
myciel4-20.2.col.11,myciel4,20,2,11,407.949,407.856
myciel4-20.2.col.19,myciel4,20,2,19,300.82,300.683
myciel4-20.2.col.3,myciel4,20,2,3,374.958,374.934
myciel4-20.2.col.8,myciel4,20,2,8,380.315,380.254
myciel4-20.3.col.0,myciel4,20,3,0,370.571,370.56
myciel4-20.3.col.11,myciel4,20,3,11,362.463,362.348
myciel4-20.3.col.19,myciel4,20,3,19,292.29,292.17
myciel4-20.3.col.3,myciel4,20,3,3,253.889,253.862
myciel4-20.3.col.8,myciel4,20,3,8,327.015,326.952
myciel4-20.4.col.0,myciel4,20,4,0,318.485,318.476
myciel4-20.4.col.11,myciel4,20,4,11,171.805,171.691
myciel4-20.4.col.19,myciel4,20,4,19,213.089,212.922
myciel4-20.4.col.3,myciel4,20,4,3,478.622,478.602
myciel4-20.4.col.8,myciel4,20,4,8,230.756,230.684
myciel4-20.5.col.0,myciel4,20,5,0,269.275,269.264
myciel4-20.5.col.11,myciel4,20,5,11,274.758,274.643
myciel4-20.5.col.19,myciel4,20,5,19,318.7,318.572
myciel4-20.5.col.3,myciel4,20,5,3,240.87,240.844
myciel4-20.5.col.8,myciel4,20,5,8,414.429,414.363
myciel4-5.1.col.0,myciel4,5,1,0,0.0150759,0.013566
myciel4-5.1.col.11,myciel4,5,1,11,0.02088,0.0116
myciel4-5.1.col.19,myciel4,5,1,19,0.0156209,0.00481796
myciel4-5.1.col.3,myciel4,5,1,3,0.00984097,0.00714111
myciel4-5.1.col.8,myciel4,5,1,8,0.0175769,0.011884
myciel4-5.2.col.0,myciel4,5,2,0,0.011224,0.00937295
myciel4-5.2.col.11,myciel4,5,2,11,0.017616,0.0104799
myciel4-5.2.col.19,myciel4,5,2,19,0.0255702,0.00418997
myciel4-5.2.col.3,myciel4,5,2,3,0.0209739,0.0143352
myciel4-5.2.col.8,myciel4,5,2,8,0.0141938,0.00908995
myciel4-5.3.col.0,myciel4,5,3,0,0.021661,0.021019
myciel4-5.3.col.11,myciel4,5,3,11,0.0213621,0.0118642
myciel4-5.3.col.19,myciel4,5,3,19,0.039449,0.0197248
myciel4-5.3.col.3,myciel4,5,3,3,0.0175831,0.013428
myciel4-5.3.col.8,myciel4,5,3,8,0.011209,0.00414395
myciel4-5.4.col.0,myciel4,5,4,0,0.00465798,0.003932
myciel4-5.4.col.11,myciel4,5,4,11,0.0189798,0.0106258
myciel4-5.4.col.19,myciel4,5,4,19,0.0204399,0.00410008
myciel4-5.4.col.3,myciel4,5,4,3,0.00700998,0.00373912
myciel4-5.4.col.8,myciel4,5,4,8,0.01792,0.00421095
myciel4-5.5.col.0,myciel4,5,5,0,0.00547695,0.00483704
myciel4-5.5.col.11,myciel4,5,5,11,0.025769,0.0106142
myciel4-5.5.col.19,myciel4,5,5,19,0.0318868,0.00591707
myciel4-5.5.col.3,myciel4,5,5,3,0.00959015,0.00429201
myciel4-5.5.col.8,myciel4,5,5,8,0.0192561,0.00523996
myciel5-10.1.col.0,myciel5,10,1,0,0.036164,0.0319769
myciel5-10.1.col.11,myciel5,10,1,11,0.318967,0.126486
myciel5-10.1.col.19,myciel5,10,1,19,0.423596,0.042064
myciel5-10.1.col.3,myciel5,10,1,3,0.114077,0.0713351
myciel5-10.1.col.8,myciel5,10,1,8,0.220214,0.0887079
myciel5-10.2.col.0,myciel5,10,2,0,0.0266478,0.0182211
myciel5-10.2.col.11,myciel5,10,2,11,0.0997159,0.0177462
myciel5-10.2.col.19,myciel5,10,2,19,0.148491,0.057102
myciel5-10.2.col.3,myciel5,10,2,3,0.0778921,0.047348
myciel5-10.2.col.8,myciel5,10,2,8,0.135119,0.065527
myciel5-10.3.col.0,myciel5,10,3,0,0.091279,0.082685
myciel5-10.3.col.11,myciel5,10,3,11,0.133147,0.051023
myciel5-10.3.col.19,myciel5,10,3,19,0.340513,0.17427
myciel5-10.3.col.3,myciel5,10,3,3,0.0929639,0.0704701
myciel5-10.3.col.8,myciel5,10,3,8,0.080837,0.0237229
myciel5-10.4.col.0,myciel5,10,4,0,0.0208821,0.017267
myciel5-10.4.col.11,myciel5,10,4,11,0.0294549,0.014806
myciel5-10.4.col.19,myciel5,10,4,19,0.0326509,0.014205
myciel5-10.4.col.3,myciel5,10,4,3,0.0258131,0.01508
myciel5-10.4.col.8,myciel5,10,4,8,0.029469,0.0134969
myciel5-10.5.col.0,myciel5,10,5,0,0.024873,0.0199699
myciel5-10.5.col.11,myciel5,10,5,11,0.125122,0.0211859
myciel5-10.5.col.19,myciel5,10,5,19,0.155859,0.0252371
myciel5-10.5.col.3,myciel5,10,5,3,0.045882,0.020566
myciel5-10.5.col.8,myciel5,10,5,8,0.117329,0.0420699
myciel5-15.1.col.0,myciel5,15,1,0,1.13554,1.12514
myciel5-15.1.col.11,myciel5,15,1,11,0.306594,0.10645
myciel5-15.1.col.19,myciel5,15,1,19,0.381218,0.122113
myciel5-15.1.col.3,myciel5,15,1,3,1.16353,1.12775
myciel5-15.1.col.8,myciel5,15,1,8,0.235891,0.105925
myciel5-15.2.col.0,myciel5,15,2,0,0.812983,0.805478
myciel5-15.2.col.11,myciel5,15,2,11,0.620953,0.450801
myciel5-15.2.col.19,myciel5,15,2,19,0.429534,0.144241
myciel5-15.2.col.3,myciel5,15,2,3,0.965121,0.933705
myciel5-15.2.col.8,myciel5,15,2,8,0.808654,0.700296
myciel5-15.3.col.0,myciel5,15,3,0,1.65048,1.64202
myciel5-15.3.col.11,myciel5,15,3,11,1.88751,1.69022
myciel5-15.3.col.19,myciel5,15,3,19,0.857549,0.484458
myciel5-15.3.col.3,myciel5,15,3,3,1.49513,1.45414
myciel5-15.3.col.8,myciel5,15,3,8,2.25094,2.10962
myciel5-15.4.col.0,myciel5,15,4,0,1.5283,1.52401
myciel5-15.4.col.11,myciel5,15,4,11,1.20007,1.03772
myciel5-15.4.col.19,myciel5,15,4,19,0.491736,0.111558
myciel5-15.4.col.3,myciel5,15,4,3,1.85899,1.81684
myciel5-15.4.col.8,myciel5,15,4,8,2.38059,2.26986
myciel5-15.5.col.0,myciel5,15,5,0,1.15393,1.14528
myciel5-15.5.col.11,myciel5,15,5,11,1.41471,1.2847
myciel5-15.5.col.19,myciel5,15,5,19,0.838467,0.471754
myciel5-15.5.col.3,myciel5,15,5,3,1.81484,1.78381
myciel5-15.5.col.8,myciel5,15,5,8,2.03451,1.94501
myciel5-20.1.col.0,myciel5,20,1,0,0.716235,0.706045
myciel5-20.1.col.11,myciel5,20,1,11,0.995002,0.614762
myciel5-20.1.col.19,myciel5,20,1,19,1.24574,0.417661
myciel5-20.1.col.3,myciel5,20,1,3,2.53604,2.46022
myciel5-20.1.col.8,myciel5,20,1,8,1.30239,1.04231
myciel5-20.2.col.0,myciel5,20,2,0,3.73553,3.72694
myciel5-20.2.col.11,myciel5,20,2,11,0.605053,0.190705
myciel5-20.2.col.19,myciel5,20,2,19,1.01637,0.380732
myciel5-20.2.col.3,myciel5,20,2,3,3.42025,3.33233
myciel5-20.2.col.8,myciel5,20,2,8,2.00262,1.74498
myciel5-20.3.col.0,myciel5,20,3,0,4.58959,4.57965
myciel5-20.3.col.11,myciel5,20,3,11,1.57352,1.20086
myciel5-20.3.col.19,myciel5,20,3,19,1.44457,0.91803
myciel5-20.3.col.3,myciel5,20,3,3,4.52255,4.40737
myciel5-20.3.col.8,myciel5,20,3,8,2.54593,2.24319
myciel5-20.4.col.0,myciel5,20,4,0,2.5728,2.56234
myciel5-20.4.col.11,myciel5,20,4,11,0.65351,0.180914
myciel5-20.4.col.19,myciel5,20,4,19,0.949232,0.216449
myciel5-20.4.col.3,myciel5,20,4,3,3.77714,3.68155
myciel5-20.4.col.8,myciel5,20,4,8,1.30352,0.996871
myciel5-20.5.col.0,myciel5,20,5,0,3.18493,3.16604
myciel5-20.5.col.11,myciel5,20,5,11,4.50535,4.13348
myciel5-20.5.col.19,myciel5,20,5,19,1.61003,0.546346
myciel5-20.5.col.3,myciel5,20,5,3,4.02185,3.94129
myciel5-20.5.col.8,myciel5,20,5,8,2.37637,2.15368
myciel5-5.1.col.0,myciel5,5,1,0,0.0151529,0.012826
myciel5-5.1.col.11,myciel5,5,1,11,0.0555689,0.0118229
myciel5-5.1.col.19,myciel5,5,1,19,0.0868559,0.0135789
myciel5-5.1.col.3,myciel5,5,1,3,0.0235069,0.0122721
myciel5-5.1.col.8,myciel5,5,1,8,0.046742,0.0151012
myciel5-5.2.col.0,myciel5,5,2,0,0.022692,0.0181549
myciel5-5.2.col.11,myciel5,5,2,11,0.108493,0.067256
myciel5-5.2.col.19,myciel5,5,2,19,0.0941949,0.0168221
myciel5-5.2.col.3,myciel5,5,2,3,0.0296109,0.0136659
myciel5-5.2.col.8,myciel5,5,2,8,0.0448499,0.0139179
myciel5-5.3.col.0,myciel5,5,3,0,0.0113761,0.00956893
myciel5-5.3.col.11,myciel5,5,3,11,0.053447,0.0136988
myciel5-5.3.col.19,myciel5,5,3,19,0.0822148,0.0132349
myciel5-5.3.col.3,myciel5,5,3,3,0.024035,0.0124938
myciel5-5.3.col.8,myciel5,5,3,8,0.0391209,0.011795
myciel5-5.4.col.0,myciel5,5,4,0,0.0160589,0.014497
myciel5-5.4.col.11,myciel5,5,4,11,0.038856,0.00946593
myciel5-5.4.col.19,myciel5,5,4,19,0.0524919,0.00978303
myciel5-5.4.col.3,myciel5,5,4,3,0.0261581,0.0108418
myciel5-5.4.col.8,myciel5,5,4,8,0.0339718,0.00980401
myciel5-5.5.col.0,myciel5,5,5,0,0.010709,0.00911403
myciel5-5.5.col.11,myciel5,5,5,11,0.050211,0.0132179
myciel5-5.5.col.19,myciel5,5,5,19,0.089916,0.0196669
myciel5-5.5.col.3,myciel5,5,5,3,0.02016,0.00896001
myciel5-5.5.col.8,myciel5,5,5,8,0.0367601,0.00961709
myciel6-10.1.col.0,myciel6,10,1,0,0.357131,0.34891
myciel6-10.1.col.11,myciel6,10,1,11,0.651231,0.148938
myciel6-10.1.col.19,myciel6,10,1,19,1.59955,0.197529
myciel6-10.1.col.3,myciel6,10,1,3,0.224795,0.106911
myciel6-10.1.col.8,myciel6,10,1,8,0.491006,0.141239
myciel6-10.2.col.0,myciel6,10,2,0,0.293051,0.28519
myciel6-10.2.col.11,myciel6,10,2,11,0.749632,0.273722
myciel6-10.2.col.19,myciel6,10,2,19,1.44869,0.521852
myciel6-10.2.col.3,myciel6,10,2,3,0.204857,0.0868468
myciel6-10.2.col.8,myciel6,10,2,8,0.843413,0.530834
myciel6-10.3.col.0,myciel6,10,3,0,0.102692,0.0947418
myciel6-10.3.col.11,myciel6,10,3,11,1.14515,0.407095
myciel6-10.3.col.19,myciel6,10,3,19,1.81389,0.230788
myciel6-10.3.col.3,myciel6,10,3,3,0.439708,0.297467
myciel6-10.3.col.8,myciel6,10,3,8,0.5941,0.152881
myciel6-10.4.col.0,myciel6,10,4,0,0.112399,0.104318
myciel6-10.4.col.11,myciel6,10,4,11,2.16235,1.48257
myciel6-10.4.col.19,myciel6,10,4,19,1.83472,0.176065
myciel6-10.4.col.3,myciel6,10,4,3,0.525189,0.368984
myciel6-10.4.col.8,myciel6,10,4,8,0.726463,0.300526
myciel6-10.5.col.0,myciel6,10,5,0,0.101504,0.092978
myciel6-10.5.col.11,myciel6,10,5,11,0.695389,0.162765
myciel6-10.5.col.19,myciel6,10,5,19,1.69427,0.455844
myciel6-10.5.col.3,myciel6,10,5,3,0.238501,0.099601
myciel6-10.5.col.8,myciel6,10,5,8,1.06942,0.704472
myciel6-15.1.col.0,myciel6,15,1,0,0.134923,0.122605
myciel6-15.1.col.11,myciel6,15,1,11,2.10377,0.753151
myciel6-15.1.col.19,myciel6,15,1,19,3.24272,0.320126
myciel6-15.1.col.3,myciel6,15,1,3,1.18554,0.892262
myciel6-15.1.col.8,myciel6,15,1,8,2.84211,2.03907
myciel6-15.2.col.0,myciel6,15,2,0,0.110159,0.0957282
myciel6-15.2.col.11,myciel6,15,2,11,1.35452,0.688342
myciel6-15.2.col.19,myciel6,15,2,19,1.73113,0.515356
myciel6-15.2.col.3,myciel6,15,2,3,0.223916,0.0663562
myciel6-15.2.col.8,myciel6,15,2,8,0.573732,0.110326
myciel6-15.3.col.0,myciel6,15,3,0,0.112012,0.0968449
myciel6-15.3.col.11,myciel6,15,3,11,1.2159,0.509869
myciel6-15.3.col.19,myciel6,15,3,19,2.50781,1.00168
myciel6-15.3.col.3,myciel6,15,3,3,0.362479,0.195438
myciel6-15.3.col.8,myciel6,15,3,8,1.11467,0.624286
myciel6-15.4.col.0,myciel6,15,4,0,0.0672381,0.0518899
myciel6-15.4.col.11,myciel6,15,4,11,0.210295,0.118333
myciel6-15.4.col.19,myciel6,15,4,19,0.229945,0.1164
myciel6-15.4.col.3,myciel6,15,4,3,0.10064,0.043081
myciel6-15.4.col.8,myciel6,15,4,8,0.205837,0.116395
myciel6-15.5.col.0,myciel6,15,5,0,0.158007,0.142127
myciel6-15.5.col.11,myciel6,15,5,11,2.4217,1.26146
myciel6-15.5.col.19,myciel6,15,5,19,2.85596,0.292394
myciel6-15.5.col.3,myciel6,15,5,3,0.891749,0.581643
myciel6-15.5.col.8,myciel6,15,5,8,2.37285,1.59954
myciel6-20.1.col.0,myciel6,20,1,0,0.268725,0.248254
myciel6-20.1.col.11,myciel6,20,1,11,3.9831,1.77418
myciel6-20.1.col.19,myciel6,20,1,19,6.4153,1.93624
myciel6-20.1.col.3,myciel6,20,1,3,1.04669,0.568748
myciel6-20.1.col.8,myciel6,20,1,8,2.47664,0.913266
myciel6-20.2.col.0,myciel6,20,2,0,0.464806,0.445196
myciel6-20.2.col.11,myciel6,20,2,11,2.50644,0.697085
myciel6-20.2.col.19,myciel6,20,2,19,4.39285,0.544652
myciel6-20.2.col.3,myciel6,20,2,3,0.899076,0.559936
myciel6-20.2.col.8,myciel6,20,2,8,1.81455,0.722564
myciel6-20.3.col.0,myciel6,20,3,0,0.171241,0.144114
myciel6-20.3.col.11,myciel6,20,3,11,0.269752,0.119625
myciel6-20.3.col.19,myciel6,20,3,19,0.300198,0.119806
myciel6-20.3.col.3,myciel6,20,3,3,0.233433,0.118785
myciel6-20.3.col.8,myciel6,20,3,8,0.255856,0.118666
myciel6-20.4.col.0,myciel6,20,4,0,0.803755,0.776208
myciel6-20.4.col.11,myciel6,20,4,11,2.20545,0.44673
myciel6-20.4.col.19,myciel6,20,4,19,3.84295,1.35761
myciel6-20.4.col.3,myciel6,20,4,3,1.46143,0.950432
myciel6-20.4.col.8,myciel6,20,4,8,1.93395,0.464483
myciel6-20.5.col.0,myciel6,20,5,0,0.604823,0.582843
myciel6-20.5.col.11,myciel6,20,5,11,3.68034,1.05692
myciel6-20.5.col.19,myciel6,20,5,19,7.27438,2.53363
myciel6-20.5.col.3,myciel6,20,5,3,1.54876,0.985265
myciel6-20.5.col.8,myciel6,20,5,8,3.55859,1.89134
myciel6-5.1.col.0,myciel6,5,1,0,0.0575261,0.0454259
myciel6-5.1.col.11,myciel6,5,1,11,0.221991,0.0587859
myciel6-5.1.col.19,myciel6,5,1,19,0.447405,0.061002
myciel6-5.1.col.3,myciel6,5,1,3,0.0725269,0.023433
myciel6-5.1.col.8,myciel6,5,1,8,0.213816,0.0987701
myciel6-5.2.col.0,myciel6,5,2,0,0.0367458,0.032831
myciel6-5.2.col.11,myciel6,5,2,11,0.188864,0.040719
myciel6-5.2.col.19,myciel6,5,2,19,0.335519,0.051569
myciel6-5.2.col.3,myciel6,5,2,3,0.076359,0.0288079
myciel6-5.2.col.8,myciel6,5,2,8,0.167853,0.0546
myciel6-5.3.col.0,myciel6,5,3,0,0.0420392,0.0377061
myciel6-5.3.col.11,myciel6,5,3,11,0.229136,0.0504601
myciel6-5.3.col.19,myciel6,5,3,19,0.434974,0.0706151
myciel6-5.3.col.3,myciel6,5,3,3,0.092299,0.040854
myciel6-5.3.col.8,myciel6,5,3,8,0.158664,0.0277619
myciel6-5.4.col.0,myciel6,5,4,0,0.0451989,0.040895
myciel6-5.4.col.11,myciel6,5,4,11,0.237571,0.0472181
myciel6-5.4.col.19,myciel6,5,4,19,0.428677,0.062624
myciel6-5.4.col.3,myciel6,5,4,3,0.0844049,0.028023
myciel6-5.4.col.8,myciel6,5,4,8,0.192885,0.051924
myciel6-5.5.col.0,myciel6,5,5,0,0.0351169,0.031148
myciel6-5.5.col.11,myciel6,5,5,11,0.184934,0.041151
myciel6-5.5.col.19,myciel6,5,5,19,0.320492,0.0537879
myciel6-5.5.col.3,myciel6,5,5,3,0.0832121,0.041003
myciel6-5.5.col.8,myciel6,5,5,8,0.131163,0.0293729
queen5_5-10.1.col.0,queen5_5,10,1,0,1.03307,1.02269
queen5_5-10.1.col.11,queen5_5,10,1,11,0.131714,0.0463791
queen5_5-10.1.col.19,queen5_5,10,1,19,0.156126,0.0203209
queen5_5-10.1.col.3,queen5_5,10,1,3,0.559289,0.540097
queen5_5-10.1.col.8,queen5_5,10,1,8,0.159481,0.0998609
queen5_5-10.2.col.0,queen5_5,10,2,0,3.99099,3.98053
queen5_5-10.2.col.11,queen5_5,10,2,11,0.178079,0.0775959
queen5_5-10.2.col.19,queen5_5,10,2,19,0.253669,0.0771809
queen5_5-10.2.col.3,queen5_5,10,2,3,2.855,2.84106
queen5_5-10.2.col.8,queen5_5,10,2,8,0.439779,0.36702
queen5_5-10.3.col.0,queen5_5,10,3,0,3.52185,3.51222
queen5_5-10.3.col.11,queen5_5,10,3,11,1.30973,1.21766
queen5_5-10.3.col.19,queen5_5,10,3,19,0.34014,0.080776
queen5_5-10.3.col.3,queen5_5,10,3,3,3.7784,3.76365
queen5_5-10.3.col.8,queen5_5,10,3,8,2.64182,2.58341
queen5_5-10.4.col.0,queen5_5,10,4,0,3.45334,3.44682
queen5_5-10.4.col.11,queen5_5,10,4,11,0.441992,0.324558
queen5_5-10.4.col.19,queen5_5,10,4,19,0.331514,0.0801179
queen5_5-10.4.col.3,queen5_5,10,4,3,1.93828,1.92202
queen5_5-10.4.col.8,queen5_5,10,4,8,0.425032,0.345594
queen5_5-10.5.col.0,queen5_5,10,5,0,1.91941,1.91321
queen5_5-10.5.col.11,queen5_5,10,5,11,1.08387,1.0036
queen5_5-10.5.col.19,queen5_5,10,5,19,0.294774,0.0619218
queen5_5-10.5.col.3,queen5_5,10,5,3,1.20373,1.18487
queen5_5-10.5.col.8,queen5_5,10,5,8,1.26488,1.20938
queen5_5-15.1.col.0,queen5_5,15,1,0,9.00265,8.99749
queen5_5-15.1.col.11,queen5_5,15,1,11,0.359657,0.0860441
queen5_5-15.1.col.19,queen5_5,15,1,19,0.401167,0.026973
queen5_5-15.1.col.3,queen5_5,15,1,3,2.25011,2.22021
queen5_5-15.1.col.8,queen5_5,15,1,8,1.7899,1.64958
queen5_5-15.2.col.0,queen5_5,15,2,0,17.1764,17.169
queen5_5-15.2.col.11,queen5_5,15,2,11,0.539443,0.194033
queen5_5-15.2.col.19,queen5_5,15,2,19,0.834232,0.079844
queen5_5-15.2.col.3,queen5_5,15,2,3,10.6923,10.6572
queen5_5-15.2.col.8,queen5_5,15,2,8,4.81109,4.6033
queen5_5-15.3.col.0,queen5_5,15,3,0,58.0398,58.0261
queen5_5-15.3.col.11,queen5_5,15,3,11,4.24745,4.03079
queen5_5-15.3.col.19,queen5_5,15,3,19,0.68602,0.0573232
queen5_5-15.3.col.3,queen5_5,15,3,3,40.8683,40.8365
queen5_5-15.3.col.8,queen5_5,15,3,8,27.7235,27.6094
queen5_5-15.4.col.0,queen5_5,15,4,0,21.2419,21.2314
queen5_5-15.4.col.11,queen5_5,15,4,11,1.39751,1.20633
queen5_5-15.4.col.19,queen5_5,15,4,19,0.782289,0.165131
queen5_5-15.4.col.3,queen5_5,15,4,3,13.9285,13.8943
queen5_5-15.4.col.8,queen5_5,15,4,8,1.24628,1.13168
queen5_5-15.5.col.0,queen5_5,15,5,0,27.9857,27.9736
queen5_5-15.5.col.11,queen5_5,15,5,11,0.275755,0.052038
queen5_5-15.5.col.19,queen5_5,15,5,19,1.22953,0.883486
queen5_5-15.5.col.3,queen5_5,15,5,3,8.4172,8.38278
queen5_5-15.5.col.8,queen5_5,15,5,8,8.44,8.30488
queen5_5-20.1.col.0,queen5_5,20,1,0,600.009,600.0
queen5_5-20.1.col.11,queen5_5,20,1,11,0.373241,0.114264
queen5_5-20.1.col.19,queen5_5,20,1,19,0.562808,0.080555
queen5_5-20.1.col.3,queen5_5,20,1,3,600.043,600.0
queen5_5-20.1.col.8,queen5_5,20,1,8,6.11939,5.97648
queen5_5-20.2.col.0,queen5_5,20,2,0,600.014,600.0
queen5_5-20.2.col.11,queen5_5,20,2,11,0.39206,0.093545
queen5_5-20.2.col.19,queen5_5,20,2,19,0.708431,0.121542
queen5_5-20.2.col.3,queen5_5,20,2,3,600.041,600.0
queen5_5-20.2.col.8,queen5_5,20,2,8,0.494476,0.366299
queen5_5-20.3.col.0,queen5_5,20,3,0,600.009,600.001
queen5_5-20.3.col.11,queen5_5,20,3,11,10.6454,10.0502
queen5_5-20.3.col.19,queen5_5,20,3,19,1.82924,0.424312
queen5_5-20.3.col.3,queen5_5,20,3,3,600.053,600.001
queen5_5-20.3.col.8,queen5_5,20,3,8,23.4998,23.227
queen5_5-20.4.col.0,queen5_5,20,4,0,600.008,600.001
queen5_5-20.4.col.11,queen5_5,20,4,11,10.6616,10.3563
queen5_5-20.4.col.19,queen5_5,20,4,19,1.74551,0.32706
queen5_5-20.4.col.3,queen5_5,20,4,3,600.054,600.001
queen5_5-20.4.col.8,queen5_5,20,4,8,289.062,288.917
queen5_5-20.5.col.0,queen5_5,20,5,0,600.005,600.001
queen5_5-20.5.col.11,queen5_5,20,5,11,78.658,78.3693
queen5_5-20.5.col.19,queen5_5,20,5,19,1.76161,0.552023
queen5_5-20.5.col.3,queen5_5,20,5,3,600.048,600.001
queen5_5-20.5.col.8,queen5_5,20,5,8,600.15,600.001
queen5_5-5.1.col.0,queen5_5,5,1,0,0.146073,0.143119
queen5_5-5.1.col.11,queen5_5,5,1,11,0.230159,0.18984
queen5_5-5.1.col.19,queen5_5,5,1,19,0.27664,0.216953
queen5_5-5.1.col.3,queen5_5,5,1,3,0.169461,0.161354
queen5_5-5.1.col.8,queen5_5,5,1,8,0.20862,0.180329
queen5_5-5.2.col.0,queen5_5,5,2,0,0.013135,0.00913906
queen5_5-5.2.col.11,queen5_5,5,2,11,0.0346,0.016165
queen5_5-5.2.col.19,queen5_5,5,2,19,0.0310521,0.00739598
queen5_5-5.2.col.3,queen5_5,5,2,3,0.0162711,0.0115681
queen5_5-5.2.col.8,queen5_5,5,2,8,0.0284359,0.0165012
queen5_5-5.3.col.0,queen5_5,5,3,0,0.0242331,0.0231349
queen5_5-5.3.col.11,queen5_5,5,3,11,0.0710769,0.037097
queen5_5-5.3.col.19,queen5_5,5,3,19,0.046993,0.00826383
queen5_5-5.3.col.3,queen5_5,5,3,3,0.095439,0.0876238
queen5_5-5.3.col.8,queen5_5,5,3,8,0.0443091,0.02142
queen5_5-5.4.col.0,queen5_5,5,4,0,0.087374,0.0863631
queen5_5-5.4.col.11,queen5_5,5,4,11,0.135428,0.110089
queen5_5-5.4.col.19,queen5_5,5,4,19,0.0844109,0.0242341
queen5_5-5.4.col.3,queen5_5,5,4,3,0.102254,0.0954881
queen5_5-5.4.col.8,queen5_5,5,4,8,0.108057,0.092386
queen5_5-5.5.col.0,queen5_5,5,5,0,0.151979,0.149395
queen5_5-5.5.col.11,queen5_5,5,5,11,0.192627,0.167452
queen5_5-5.5.col.19,queen5_5,5,5,19,0.253708,0.210889
queen5_5-5.5.col.3,queen5_5,5,5,3,0.0904469,0.0810392
queen5_5-5.5.col.8,queen5_5,5,5,8,0.143242,0.122683
queen6_6-10.1.col.0,queen6_6,10,1,0,0.173451,0.162458
queen6_6-10.1.col.11,queen6_6,10,1,11,0.277775,0.0927
queen6_6-10.1.col.19,queen6_6,10,1,19,0.534337,0.193114
queen6_6-10.1.col.3,queen6_6,10,1,3,0.236314,0.211466
queen6_6-10.1.col.8,queen6_6,10,1,8,0.249997,0.114629
queen6_6-10.2.col.0,queen6_6,10,2,0,1.38615,1.37373
queen6_6-10.2.col.11,queen6_6,10,2,11,0.421308,0.177002
queen6_6-10.2.col.19,queen6_6,10,2,19,0.735622,0.208898
queen6_6-10.2.col.3,queen6_6,10,2,3,1.03241,0.995901
queen6_6-10.2.col.8,queen6_6,10,2,8,0.222945,0.0839872
queen6_6-10.3.col.0,queen6_6,10,3,0,0.433081,0.423533
queen6_6-10.3.col.11,queen6_6,10,3,11,0.171513,0.0704241
queen6_6-10.3.col.19,queen6_6,10,3,19,0.261297,0.0701711
queen6_6-10.3.col.3,queen6_6,10,3,3,0.076283,0.050019
queen6_6-10.3.col.8,queen6_6,10,3,8,0.301335,0.235741
queen6_6-10.4.col.0,queen6_6,10,4,0,0.80924,0.796326
queen6_6-10.4.col.11,queen6_6,10,4,11,3.36485,3.09571
queen6_6-10.4.col.19,queen6_6,10,4,19,0.735478,0.200622
queen6_6-10.4.col.3,queen6_6,10,4,3,0.460986,0.436473
queen6_6-10.4.col.8,queen6_6,10,4,8,2.56164,2.44301
queen6_6-10.5.col.0,queen6_6,10,5,0,0.289915,0.280835
queen6_6-10.5.col.11,queen6_6,10,5,11,0.50879,0.400883
queen6_6-10.5.col.19,queen6_6,10,5,19,0.704736,0.528858
queen6_6-10.5.col.3,queen6_6,10,5,3,0.424347,0.385414
queen6_6-10.5.col.8,queen6_6,10,5,8,0.41074,0.319736
queen6_6-15.1.col.0,queen6_6,15,1,0,12.2829,12.2728
queen6_6-15.1.col.11,queen6_6,15,1,11,7.75731,6.88997
queen6_6-15.1.col.19,queen6_6,15,1,19,10.7814,9.32073
queen6_6-15.1.col.3,queen6_6,15,1,3,11.6362,11.5702
queen6_6-15.1.col.8,queen6_6,15,1,8,4.19604,3.82212
queen6_6-15.2.col.0,queen6_6,15,2,0,22.9213,22.9039
queen6_6-15.2.col.11,queen6_6,15,2,11,6.0247,5.38513
queen6_6-15.2.col.19,queen6_6,15,2,19,6.04917,4.04288
queen6_6-15.2.col.3,queen6_6,15,2,3,27.2865,27.2049
queen6_6-15.2.col.8,queen6_6,15,2,8,15.0645,14.7024
queen6_6-15.3.col.0,queen6_6,15,3,0,600.021,600.001
queen6_6-15.3.col.11,queen6_6,15,3,11,61.3161,60.7789
queen6_6-15.3.col.19,queen6_6,15,3,19,10.7132,9.35227
queen6_6-15.3.col.3,queen6_6,15,3,3,25.4012,25.3364
queen6_6-15.3.col.8,queen6_6,15,3,8,13.0258,12.766
queen6_6-15.4.col.0,queen6_6,15,4,0,12.6801,12.6606
queen6_6-15.4.col.11,queen6_6,15,4,11,2.79794,2.31859
queen6_6-15.4.col.19,queen6_6,15,4,19,5.82316,4.51543
queen6_6-15.4.col.3,queen6_6,15,4,3,36.077,36.0119
queen6_6-15.4.col.8,queen6_6,15,4,8,3.15875,2.87824
queen6_6-15.5.col.0,queen6_6,15,5,0,12.9647,12.9521
queen6_6-15.5.col.11,queen6_6,15,5,11,2.78092,2.02625
queen6_6-15.5.col.19,queen6_6,15,5,19,2.24291,0.536984
queen6_6-15.5.col.3,queen6_6,15,5,3,7.93214,7.87849
queen6_6-15.5.col.8,queen6_6,15,5,8,1.74353,1.34987
queen6_6-20.1.col.0,queen6_6,20,1,0,600.014,600.003
queen6_6-20.1.col.11,queen6_6,20,1,11,573.872,572.832
queen6_6-20.1.col.19,queen6_6,20,1,19,10.7987,7.55685
queen6_6-20.1.col.3,queen6_6,20,1,3,459.282,459.175
queen6_6-20.1.col.8,queen6_6,20,1,8,260.282,259.681
queen6_6-20.2.col.0,queen6_6,20,2,0,600.011,600.001
queen6_6-20.2.col.11,queen6_6,20,2,11,54.7747,54.0133
queen6_6-20.2.col.19,queen6_6,20,2,19,10.4003,7.88207
queen6_6-20.2.col.3,queen6_6,20,2,3,364.691,364.566
queen6_6-20.2.col.8,queen6_6,20,2,8,417.311,416.98
queen6_6-20.3.col.0,queen6_6,20,3,0,600.02,600.002
queen6_6-20.3.col.11,queen6_6,20,3,11,600.923,600.001
queen6_6-20.3.col.19,queen6_6,20,3,19,5.94043,2.93114
queen6_6-20.3.col.3,queen6_6,20,3,3,600.11,600.003
queen6_6-20.3.col.8,queen6_6,20,3,8,600.485,600.001
queen6_6-20.4.col.0,queen6_6,20,4,0,600.012,600.001
queen6_6-20.4.col.11,queen6_6,20,4,11,600.852,600.002
queen6_6-20.4.col.19,queen6_6,20,4,19,602.133,600.003
queen6_6-20.4.col.3,queen6_6,20,4,3,600.109,600.002
queen6_6-20.4.col.8,queen6_6,20,4,8,600.47,600.001
queen6_6-20.5.col.0,queen6_6,20,5,0,537.436,537.425
queen6_6-20.5.col.11,queen6_6,20,5,11,3.21049,2.63681
queen6_6-20.5.col.19,queen6_6,20,5,19,3.77242,2.42125
queen6_6-20.5.col.3,queen6_6,20,5,3,158.522,158.412
queen6_6-20.5.col.8,queen6_6,20,5,8,585.175,584.852
queen6_6-5.1.col.0,queen6_6,5,1,0,0.0166202,0.0117829
queen6_6-5.1.col.11,queen6_6,5,1,11,0.130856,0.0570099
queen6_6-5.1.col.19,queen6_6,5,1,19,0.117259,0.0136211
queen6_6-5.1.col.3,queen6_6,5,1,3,0.027298,0.0102561
queen6_6-5.1.col.8,queen6_6,5,1,8,0.259384,0.20993
queen6_6-5.2.col.0,queen6_6,5,2,0,0.0580921,0.0541329
queen6_6-5.2.col.11,queen6_6,5,2,11,0.0827272,0.014111
queen6_6-5.2.col.19,queen6_6,5,2,19,0.150158,0.065583
queen6_6-5.2.col.3,queen6_6,5,2,3,0.0543079,0.0355928
queen6_6-5.2.col.8,queen6_6,5,2,8,0.0740709,0.0339639
queen6_6-5.3.col.0,queen6_6,5,3,0,0.0481031,0.0422578
queen6_6-5.3.col.11,queen6_6,5,3,11,0.0994329,0.0522971
queen6_6-5.3.col.19,queen6_6,5,3,19,0.095943,0.015836
queen6_6-5.3.col.3,queen6_6,5,3,3,0.0513749,0.0394678
queen6_6-5.3.col.8,queen6_6,5,3,8,0.0788209,0.0465078
queen6_6-5.4.col.0,queen6_6,5,4,0,0.0487108,0.0410781
queen6_6-5.4.col.11,queen6_6,5,4,11,0.102515,0.050211
queen6_6-5.4.col.19,queen6_6,5,4,19,0.122768,0.040231
queen6_6-5.4.col.3,queen6_6,5,4,3,0.049535,0.0368662
queen6_6-5.4.col.8,queen6_6,5,4,8,0.095408,0.0521069
queen6_6-5.5.col.0,queen6_6,5,5,0,0.120185,0.112169
queen6_6-5.5.col.11,queen6_6,5,5,11,0.124894,0.0582321
queen6_6-5.5.col.19,queen6_6,5,5,19,0.191609,0.0879631
queen6_6-5.5.col.3,queen6_6,5,5,3,0.0607572,0.0460839
queen6_6-5.5.col.8,queen6_6,5,5,8,0.284221,0.229193
queen7_7-10.1.col.0,queen7_7,10,1,0,0.435145,0.419598
queen7_7-10.1.col.11,queen7_7,10,1,11,0.486553,0.176731
queen7_7-10.1.col.19,queen7_7,10,1,19,0.973445,0.322332
queen7_7-10.1.col.3,queen7_7,10,1,3,0.38488,0.349934
queen7_7-10.1.col.8,queen7_7,10,1,8,0.324425,0.138214
queen7_7-10.2.col.0,queen7_7,10,2,0,3.14862,3.12987
queen7_7-10.2.col.11,queen7_7,10,2,11,1.07812,0.584043
queen7_7-10.2.col.19,queen7_7,10,2,19,1.27204,0.484073
queen7_7-10.2.col.3,queen7_7,10,2,3,3.82352,3.75446
queen7_7-10.2.col.8,queen7_7,10,2,8,0.55522,0.258993
queen7_7-10.3.col.0,queen7_7,10,3,0,3.37731,3.35934
queen7_7-10.3.col.11,queen7_7,10,3,11,2.05309,1.52159
queen7_7-10.3.col.19,queen7_7,10,3,19,1.29714,0.416151
queen7_7-10.3.col.3,queen7_7,10,3,3,1.24938,1.15894
queen7_7-10.3.col.8,queen7_7,10,3,8,0.666559,0.235593
queen7_7-10.4.col.0,queen7_7,10,4,0,3.78538,3.76679
queen7_7-10.4.col.11,queen7_7,10,4,11,0.697279,0.152199
queen7_7-10.4.col.19,queen7_7,10,4,19,1.11967,0.0647271
queen7_7-10.4.col.3,queen7_7,10,4,3,3.09654,3.03402
queen7_7-10.4.col.8,queen7_7,10,4,8,0.59782,0.253233
queen7_7-10.5.col.0,queen7_7,10,5,0,1.93191,1.91045
queen7_7-10.5.col.11,queen7_7,10,5,11,0.792723,0.264211
queen7_7-10.5.col.19,queen7_7,10,5,19,1.34868,0.077507
queen7_7-10.5.col.3,queen7_7,10,5,3,2.88817,2.82848
queen7_7-10.5.col.8,queen7_7,10,5,8,1.85334,1.57714
queen7_7-15.1.col.0,queen7_7,15,1,0,600.013,600.001
queen7_7-15.1.col.11,queen7_7,15,1,11,41.6099,40.1054
queen7_7-15.1.col.19,queen7_7,15,1,19,5.98551,2.07635
queen7_7-15.1.col.3,queen7_7,15,1,3,465.365,465.277
queen7_7-15.1.col.8,queen7_7,15,1,8,314.315,313.508
queen7_7-15.2.col.0,queen7_7,15,2,0,396.589,396.564
queen7_7-15.2.col.11,queen7_7,15,2,11,224.68,223.597
queen7_7-15.2.col.19,queen7_7,15,2,19,3.7265,1.57691
queen7_7-15.2.col.3,queen7_7,15,2,3,600.071,600.001
queen7_7-15.2.col.8,queen7_7,15,2,8,556.47,556.053
queen7_7-15.3.col.0,queen7_7,15,3,0,367.269,367.249
queen7_7-15.3.col.11,queen7_7,15,3,11,5.50695,4.2934
queen7_7-15.3.col.19,queen7_7,15,3,19,3.92624,0.818082
queen7_7-15.3.col.3,queen7_7,15,3,3,498.332,498.213
queen7_7-15.3.col.8,queen7_7,15,3,8,304.928,304.129
queen7_7-15.4.col.0,queen7_7,15,4,0,119.216,119.195
queen7_7-15.4.col.11,queen7_7,15,4,11,33.5102,32.4737
queen7_7-15.4.col.19,queen7_7,15,4,19,4.45018,0.763837
queen7_7-15.4.col.3,queen7_7,15,4,3,180.392,180.295
queen7_7-15.4.col.8,queen7_7,15,4,8,167.621,167.038
queen7_7-15.5.col.0,queen7_7,15,5,0,104.756,104.735
queen7_7-15.5.col.11,queen7_7,15,5,11,11.5622,10.0609
queen7_7-15.5.col.19,queen7_7,15,5,19,5.09768,1.22767
queen7_7-15.5.col.3,queen7_7,15,5,3,46.0062,45.9033
queen7_7-15.5.col.8,queen7_7,15,5,8,17.0732,16.285
queen7_7-20.1.col.11,queen7_7,20,1,11,601.889,600.001
queen7_7-20.1.col.19,queen7_7,20,1,19,356.99,351.715
queen7_7-20.1.col.8,queen7_7,20,1,8,601.085,600.0
queen7_7-20.2.col.11,queen7_7,20,2,11,602.423,600.002
queen7_7-20.2.col.19,queen7_7,20,2,19,606.338,600.003
queen7_7-20.2.col.8,queen7_7,20,2,8,601.058,600.003
queen7_7-20.3.col.11,queen7_7,20,3,11,601.946,600.006
queen7_7-20.3.col.19,queen7_7,20,3,19,604.369,600.002
queen7_7-20.3.col.8,queen7_7,20,3,8,600.962,600.002
queen7_7-20.4.col.11,queen7_7,20,4,11,603.202,600.002
queen7_7-20.4.col.19,queen7_7,20,4,19,607.23,600.003
queen7_7-20.4.col.8,queen7_7,20,4,8,601.643,600.001
queen7_7-20.5.col.11,queen7_7,20,5,11,601.99,600.003
queen7_7-20.5.col.19,queen7_7,20,5,19,605.071,600.004
queen7_7-5.1.col.0,queen7_7,5,1,0,0.025183,0.017689
queen7_7-5.1.col.11,queen7_7,5,1,11,0.204838,0.117167
queen7_7-5.1.col.19,queen7_7,5,1,19,0.148628,0.018615
queen7_7-5.1.col.3,queen7_7,5,1,3,0.0858171,0.056535
queen7_7-5.1.col.8,queen7_7,5,1,8,0.15494,0.0775011
queen7_7-5.2.col.0,queen7_7,5,2,0,0.0215659,0.018847
queen7_7-5.2.col.11,queen7_7,5,2,11,0.195247,0.0924361
queen7_7-5.2.col.19,queen7_7,5,2,19,0.172019,0.0220132
queen7_7-5.2.col.3,queen7_7,5,2,3,0.08482,0.0562351
queen7_7-5.2.col.8,queen7_7,5,2,8,0.100217,0.017272
queen7_7-5.3.col.0,queen7_7,5,3,0,0.0226729,0.019486
queen7_7-5.3.col.11,queen7_7,5,3,11,0.127151,0.0505371
queen7_7-5.3.col.19,queen7_7,5,3,19,0.238264,0.091692
queen7_7-5.3.col.3,queen7_7,5,3,3,0.112525,0.0825341
queen7_7-5.3.col.8,queen7_7,5,3,8,0.139036,0.0745211
queen7_7-5.4.col.0,queen7_7,5,4,0,0.024044,0.0215468
queen7_7-5.4.col.11,queen7_7,5,4,11,0.173605,0.083101
queen7_7-5.4.col.19,queen7_7,5,4,19,0.188533,0.0304599
queen7_7-5.4.col.3,queen7_7,5,4,3,0.0920389,0.0588291
queen7_7-5.4.col.8,queen7_7,5,4,8,0.128993,0.0630419
queen7_7-5.5.col.0,queen7_7,5,5,0,0.0662439,0.0634391
queen7_7-5.5.col.11,queen7_7,5,5,11,0.101734,0.0193119
queen7_7-5.5.col.19,queen7_7,5,5,19,0.256601,0.122815
queen7_7-5.5.col.3,queen7_7,5,5,3,0.067631,0.04355
queen7_7-5.5.col.8,queen7_7,5,5,8,0.136609,0.071717
queen8_12-10.1.col.0,queen8_12,10,1,0,197.197,197.18
queen8_12-10.1.col.11,queen8_12,10,1,11,2.01561,0.2736
queen8_12-10.1.col.19,queen8_12,10,1,19,2.3438,0.319822
queen8_12-10.1.col.3,queen8_12,10,1,3,161.368,161.079
queen8_12-10.1.col.8,queen8_12,10,1,8,1.51497,0.193705
queen8_12-10.2.col.0,queen8_12,10,2,0,171.443,171.425
queen8_12-10.2.col.11,queen8_12,10,2,11,1.75099,0.292164
queen8_12-10.2.col.19,queen8_12,10,2,19,1.82702,0.215925
queen8_12-10.2.col.3,queen8_12,10,2,3,1.24757,0.873873
queen8_12-10.2.col.8,queen8_12,10,2,8,1.62221,0.237341
queen8_12-10.3.col.0,queen8_12,10,3,0,137.232,137.21
queen8_12-10.3.col.11,queen8_12,10,3,11,2.37559,0.46747
queen8_12-10.3.col.19,queen8_12,10,3,19,3.27742,0.195389
queen8_12-10.3.col.3,queen8_12,10,3,3,79.2586,79.0405
queen8_12-10.3.col.8,queen8_12,10,3,8,1.50378,0.299887
queen8_12-10.4.col.0,queen8_12,10,4,0,157.578,157.561
queen8_12-10.4.col.11,queen8_12,10,4,11,1.99822,0.353782
queen8_12-10.4.col.19,queen8_12,10,4,19,2.40118,0.568109
queen8_12-10.4.col.3,queen8_12,10,4,3,29.5373,29.199
queen8_12-10.4.col.8,queen8_12,10,4,8,1.45225,0.199834
queen8_12-10.5.col.0,queen8_12,10,5,0,241.125,241.101
queen8_12-10.5.col.11,queen8_12,10,5,11,2.35368,0.298685
queen8_12-10.5.col.19,queen8_12,10,5,19,2.72439,0.313447
queen8_12-10.5.col.3,queen8_12,10,5,3,71.3099,70.9652
queen8_12-10.5.col.8,queen8_12,10,5,8,2.18184,0.600586
queen8_12-15.1.col.0,queen8_12,15,1,0,23.6728,23.6447
queen8_12-15.1.col.11,queen8_12,15,1,11,12.6435,1.41996
queen8_12-15.1.col.19,queen8_12,15,1,19,20.1847,1.45269
queen8_12-15.1.col.3,queen8_12,15,1,3,21.5838,20.8947
queen8_12-15.1.col.8,queen8_12,15,1,8,18.0371,11.7086
queen8_12-15.2.col.0,queen8_12,15,2,0,64.5951,64.5582
queen8_12-15.2.col.11,queen8_12,15,2,11,6.38487,0.944127
queen8_12-15.2.col.19,queen8_12,15,2,19,7.40547,0.777029
queen8_12-15.2.col.3,queen8_12,15,2,3,28.7792,28.2086
queen8_12-15.2.col.8,queen8_12,15,2,8,10.5038,5.95825
queen8_12-15.3.col.0,queen8_12,15,3,0,58.2438,58.2074
queen8_12-15.3.col.11,queen8_12,15,3,11,4.11299,0.808973
queen8_12-15.3.col.19,queen8_12,15,3,19,7.39211,3.41704
queen8_12-15.3.col.3,queen8_12,15,3,3,12.8632,12.1516
queen8_12-15.3.col.8,queen8_12,15,3,8,6.42806,3.30442
queen8_12-15.4.col.0,queen8_12,15,4,0,39.093,39.064
queen8_12-15.4.col.11,queen8_12,15,4,11,4.36602,0.735279
queen8_12-15.4.col.19,queen8_12,15,4,19,5.78866,1.14259
queen8_12-15.4.col.3,queen8_12,15,4,3,6.93384,6.13069
queen8_12-15.4.col.8,queen8_12,15,4,8,3.99054,0.526661
queen8_12-15.5.col.0,queen8_12,15,5,0,87.7533,87.7167
queen8_12-15.5.col.11,queen8_12,15,5,11,5.75458,0.922763
queen8_12-15.5.col.19,queen8_12,15,5,19,6.85888,0.957358
queen8_12-15.5.col.3,queen8_12,15,5,3,48.5856,47.922
queen8_12-15.5.col.8,queen8_12,15,5,8,5.26786,0.850178
queen8_12-20.1.col.11,queen8_12,20,1,11,10.0336,1.42062
queen8_12-20.1.col.19,queen8_12,20,1,19,13.1202,1.2784
queen8_12-20.2.col.11,queen8_12,20,2,11,18.2836,2.35912
queen8_12-20.2.col.19,queen8_12,20,2,19,41.2376,2.24074
queen8_12-20.3.col.11,queen8_12,20,3,11,148.505,137.131
queen8_12-20.3.col.19,queen8_12,20,3,19,16.1132,1.26277
queen8_12-20.4.col.11,queen8_12,20,4,11,9.53401,1.46663
queen8_12-20.4.col.19,queen8_12,20,4,19,13.3768,1.54116
queen8_12-20.5.col.11,queen8_12,20,5,11,10.8679,1.45616
queen8_12-20.5.col.19,queen8_12,20,5,19,14.8713,0.993917
queen8_12-5.1.col.0,queen8_12,5,1,0,0.0805631,0.0614791
queen8_12-5.1.col.11,queen8_12,5,1,11,0.307571,0.0339301
queen8_12-5.1.col.19,queen8_12,5,1,19,0.329772,0.0362542
queen8_12-5.1.col.3,queen8_12,5,1,3,0.202809,0.104548
queen8_12-5.1.col.8,queen8_12,5,1,8,0.288609,0.0328839
queen8_12-5.2.col.0,queen8_12,5,2,0,0.0761001,0.0562611
queen8_12-5.2.col.11,queen8_12,5,2,11,0.365333,0.109482
queen8_12-5.2.col.19,queen8_12,5,2,19,0.406717,0.107618
queen8_12-5.2.col.3,queen8_12,5,2,3,0.282539,0.183425
queen8_12-5.2.col.8,queen8_12,5,2,8,0.321423,0.098299
queen8_12-5.3.col.0,queen8_12,5,3,0,0.0791659,0.0598662
queen8_12-5.3.col.11,queen8_12,5,3,11,0.404667,0.103563
queen8_12-5.3.col.19,queen8_12,5,3,19,0.425137,0.0978482
queen8_12-5.3.col.3,queen8_12,5,3,3,0.156039,0.0598679
queen8_12-5.3.col.8,queen8_12,5,3,8,0.313621,0.0322709
queen8_12-5.4.col.0,queen8_12,5,4,0,0.075578,0.0658751
queen8_12-5.4.col.11,queen8_12,5,4,11,0.355325,0.033216
queen8_12-5.4.col.19,queen8_12,5,4,19,0.462911,0.0928111
queen8_12-5.4.col.3,queen8_12,5,4,3,0.261144,0.15363
queen8_12-5.4.col.8,queen8_12,5,4,8,0.386715,0.0902491
queen8_12-5.5.col.0,queen8_12,5,5,0,0.0644381,0.056576
queen8_12-5.5.col.11,queen8_12,5,5,11,0.345492,0.035532
queen8_12-5.5.col.19,queen8_12,5,5,19,0.456338,0.0860991
queen8_12-5.5.col.3,queen8_12,5,5,3,0.259548,0.155253
queen8_12-5.5.col.8,queen8_12,5,5,8,0.309629,0.04357
queen8_8-10.1.col.0,queen8_8,10,1,0,8.13605,8.1224
queen8_8-10.1.col.11,queen8_8,10,1,11,0.934101,0.16422
queen8_8-10.1.col.19,queen8_8,10,1,19,2.15225,0.153358
queen8_8-10.1.col.3,queen8_8,10,1,3,10.1178,9.98208
queen8_8-10.1.col.8,queen8_8,10,1,8,1.44276,0.867866
queen8_8-10.2.col.0,queen8_8,10,2,0,17.8159,17.8043
queen8_8-10.2.col.11,queen8_8,10,2,11,0.971123,0.240807
queen8_8-10.2.col.19,queen8_8,10,2,19,2.03838,0.517201
queen8_8-10.2.col.3,queen8_8,10,2,3,8.25963,8.09665
queen8_8-10.2.col.8,queen8_8,10,2,8,1.07836,0.4576
queen8_8-10.3.col.0,queen8_8,10,3,0,8.44716,8.43532
queen8_8-10.3.col.11,queen8_8,10,3,11,1.16496,0.184407
queen8_8-10.3.col.19,queen8_8,10,3,19,2.77816,0.488836
queen8_8-10.3.col.3,queen8_8,10,3,3,9.44495,9.32804
queen8_8-10.3.col.8,queen8_8,10,3,8,1.39064,0.785492
queen8_8-10.4.col.0,queen8_8,10,4,0,13.322,13.3112
queen8_8-10.4.col.11,queen8_8,10,4,11,1.25249,0.286457
queen8_8-10.4.col.19,queen8_8,10,4,19,2.03213,0.507944
queen8_8-10.4.col.3,queen8_8,10,4,3,7.69597,7.53286
queen8_8-10.4.col.8,queen8_8,10,4,8,0.922307,0.2674
queen8_8-10.5.col.0,queen8_8,10,5,0,6.55401,6.54186
queen8_8-10.5.col.11,queen8_8,10,5,11,1.25878,0.342657
queen8_8-10.5.col.19,queen8_8,10,5,19,2.14057,0.43545
queen8_8-10.5.col.3,queen8_8,10,5,3,6.37476,6.25936
queen8_8-10.5.col.8,queen8_8,10,5,8,0.741048,0.130883
queen8_8-15.1.col.0,queen8_8,15,1,0,115.297,115.272
queen8_8-15.1.col.11,queen8_8,15,1,11,353.634,350.442
queen8_8-15.1.col.19,queen8_8,15,1,19,53.7776,46.7616
queen8_8-15.1.col.3,queen8_8,15,1,3,25.8295,25.5402
queen8_8-15.1.col.8,queen8_8,15,1,8,94.1314,92.1949
queen8_8-15.2.col.0,queen8_8,15,2,0,600.032,600.002
queen8_8-15.2.col.11,queen8_8,15,2,11,603.404,600.003
queen8_8-15.2.col.19,queen8_8,15,2,19,606.867,600.003
queen8_8-15.2.col.3,queen8_8,15,2,3,600.157,600.002
queen8_8-15.2.col.8,queen8_8,15,2,8,601.399,600.003
queen8_8-15.3.col.0,queen8_8,15,3,0,16.7817,16.7527
queen8_8-15.3.col.11,queen8_8,15,3,11,436.36,433.203
queen8_8-15.3.col.19,queen8_8,15,3,19,107.579,100.973
queen8_8-15.3.col.3,queen8_8,15,3,3,506.842,506.587
queen8_8-15.3.col.8,queen8_8,15,3,8,14.8813,12.9775
queen8_8-15.4.col.0,queen8_8,15,4,0,176.465,176.44
queen8_8-15.4.col.11,queen8_8,15,4,11,546.193,542.239
queen8_8-15.4.col.19,queen8_8,15,4,19,262.969,255.464
queen8_8-15.4.col.3,queen8_8,15,4,3,174.404,174.136
queen8_8-15.4.col.8,queen8_8,15,4,8,108.862,106.54
queen8_8-15.5.col.0,queen8_8,15,5,0,600.028,600.004
queen8_8-15.5.col.11,queen8_8,15,5,11,602.088,600.001
queen8_8-15.5.col.19,queen8_8,15,5,19,605.681,600.003
queen8_8-15.5.col.3,queen8_8,15,5,3,600.207,600.003
queen8_8-15.5.col.8,queen8_8,15,5,8,601.371,600.002
queen8_8-20.1.col.11,queen8_8,20,1,11,262.369,259.485
queen8_8-20.1.col.19,queen8_8,20,1,19,34.1468,23.2749
queen8_8-20.2.col.11,queen8_8,20,2,11,410.034,405.009
queen8_8-20.2.col.19,queen8_8,20,2,19,615.049,600.003
queen8_8-20.3.col.11,queen8_8,20,3,11,531.876,528.11
queen8_8-20.3.col.19,queen8_8,20,3,19,15.3922,4.91097
queen8_8-20.4.col.11,queen8_8,20,4,11,253.431,249.302
queen8_8-20.4.col.19,queen8_8,20,4,19,227.68,214.223
queen8_8-20.5.col.11,queen8_8,20,5,11,274.231,270.146
queen8_8-20.5.col.19,queen8_8,20,5,19,52.384,40.3674
queen8_8-5.1.col.0,queen8_8,5,1,0,0.04427,0.033685
queen8_8-5.1.col.11,queen8_8,5,1,11,0.239719,0.068367
queen8_8-5.1.col.19,queen8_8,5,1,19,0.433497,0.158967
queen8_8-5.1.col.3,queen8_8,5,1,3,0.092274,0.037451
queen8_8-5.1.col.8,queen8_8,5,1,8,0.160501,0.0286291
queen8_8-5.2.col.0,queen8_8,5,2,0,0.0511949,0.0376692
queen8_8-5.2.col.11,queen8_8,5,2,11,0.223063,0.079608
queen8_8-5.2.col.19,queen8_8,5,2,19,0.250904,0.0354409
queen8_8-5.2.col.3,queen8_8,5,2,3,0.140735,0.0923409
queen8_8-5.2.col.8,queen8_8,5,2,8,0.179675,0.055742
queen8_8-5.3.col.0,queen8_8,5,3,0,0.040952,0.0285931
queen8_8-5.3.col.11,queen8_8,5,3,11,0.160859,0.0268481
queen8_8-5.3.col.19,queen8_8,5,3,19,0.303636,0.0339811
queen8_8-5.3.col.3,queen8_8,5,3,3,0.0679121,0.0269229
queen8_8-5.3.col.8,queen8_8,5,3,8,0.211088,0.0982778
queen8_8-5.4.col.0,queen8_8,5,4,0,0.04462,0.035069
queen8_8-5.4.col.11,queen8_8,5,4,11,0.17056,0.0226738
queen8_8-5.4.col.19,queen8_8,5,4,19,0.215222,0.0263581
queen8_8-5.4.col.3,queen8_8,5,4,3,0.1557,0.11904
queen8_8-5.4.col.8,queen8_8,5,4,8,0.189414,0.0530388
queen8_8-5.5.col.0,queen8_8,5,5,0,0.0368221,0.0247431
queen8_8-5.5.col.11,queen8_8,5,5,11,0.265924,0.116944
queen8_8-5.5.col.19,queen8_8,5,5,19,0.451967,0.190842
queen8_8-5.5.col.3,queen8_8,5,5,3,0.106246,0.0287311
queen8_8-5.5.col.8,queen8_8,5,5,8,0.21913,0.104231
queen9_9-10.1.col.0,queen9_9,10,1,0,37.6414,37.6227
queen9_9-10.1.col.11,queen9_9,10,1,11,2.3705,0.264152
queen9_9-10.1.col.19,queen9_9,10,1,19,3.98558,0.200512
queen9_9-10.1.col.3,queen9_9,10,1,3,39.95,39.6548
queen9_9-10.1.col.8,queen9_9,10,1,8,1.91967,0.548602
queen9_9-10.2.col.0,queen9_9,10,2,0,32.9393,32.9242
queen9_9-10.2.col.11,queen9_9,10,2,11,2.42616,0.592611
queen9_9-10.2.col.19,queen9_9,10,2,19,3.9544,0.749214
queen9_9-10.2.col.3,queen9_9,10,2,3,23.8337,23.5638
queen9_9-10.2.col.8,queen9_9,10,2,8,1.69802,0.494448
queen9_9-10.3.col.0,queen9_9,10,3,0,37.1574,37.1418
queen9_9-10.3.col.11,queen9_9,10,3,11,2.50159,0.585419
queen9_9-10.3.col.19,queen9_9,10,3,19,3.93474,0.607726
queen9_9-10.3.col.3,queen9_9,10,3,3,13.0782,12.8499
queen9_9-10.3.col.8,queen9_9,10,3,8,1.42982,0.178748
queen9_9-10.4.col.0,queen9_9,10,4,0,16.5363,16.5171
queen9_9-10.4.col.11,queen9_9,10,4,11,3.34895,0.690512
queen9_9-10.4.col.19,queen9_9,10,4,19,5.19658,0.239632
queen9_9-10.4.col.3,queen9_9,10,4,3,24.228,24.0162
queen9_9-10.4.col.8,queen9_9,10,4,8,2.67423,1.32609
queen9_9-10.5.col.0,queen9_9,10,5,0,46.4097,46.3844
queen9_9-10.5.col.11,queen9_9,10,5,11,1.95909,0.286427
queen9_9-10.5.col.19,queen9_9,10,5,19,2.55296,0.411031
queen9_9-10.5.col.3,queen9_9,10,5,3,21.6285,21.4208
queen9_9-10.5.col.8,queen9_9,10,5,8,1.43159,0.09834
queen9_9-15.1.col.0,queen9_9,15,1,0,32.1658,32.1456
queen9_9-15.1.col.11,queen9_9,15,1,11,20.2375,15.2306
queen9_9-15.1.col.19,queen9_9,15,1,19,23.2621,9.50684
queen9_9-15.1.col.3,queen9_9,15,1,3,34.3754,34.0212
queen9_9-15.1.col.8,queen9_9,15,1,8,10.1458,7.41519
queen9_9-15.2.col.0,queen9_9,15,2,0,23.816,23.7957
queen9_9-15.2.col.11,queen9_9,15,2,11,11.6132,7.04721
queen9_9-15.2.col.19,queen9_9,15,2,19,13.0573,2.76727
queen9_9-15.2.col.3,queen9_9,15,2,3,18.0721,17.5384
queen9_9-15.2.col.8,queen9_9,15,2,8,3.87893,1.24255
queen9_9-15.3.col.0,queen9_9,15,3,0,5.46353,5.44464
queen9_9-15.3.col.11,queen9_9,15,3,11,12.9749,10.8184
queen9_9-15.3.col.19,queen9_9,15,3,19,12.6414,3.10025
queen9_9-15.3.col.3,queen9_9,15,3,3,10.5248,10.3258
queen9_9-15.3.col.8,queen9_9,15,3,8,17.9989,16.9316
queen9_9-15.4.col.0,queen9_9,15,4,0,11.7855,11.7546
queen9_9-15.4.col.11,queen9_9,15,4,11,13.0158,7.89206
queen9_9-15.4.col.19,queen9_9,15,4,19,23.0124,9.89067
queen9_9-15.4.col.3,queen9_9,15,4,3,26.3912,26.1335
queen9_9-15.4.col.8,queen9_9,15,4,8,15.5075,12.9332
queen9_9-15.5.col.0,queen9_9,15,5,0,54.7915,54.7607
queen9_9-15.5.col.11,queen9_9,15,5,11,5.74178,1.4251
queen9_9-15.5.col.19,queen9_9,15,5,19,13.7412,2.50864
queen9_9-15.5.col.3,queen9_9,15,5,3,27.678,27.1482
queen9_9-15.5.col.8,queen9_9,15,5,8,3.81352,1.25139
queen9_9-20.1.col.11,queen9_9,20,1,11,610.901,600.004
queen9_9-20.1.col.19,queen9_9,20,1,19,36.417,8.64586
queen9_9-20.2.col.11,queen9_9,20,2,11,528.217,521.813
queen9_9-20.2.col.19,queen9_9,20,2,19,16.7115,2.49248
queen9_9-20.3.col.11,queen9_9,20,3,11,613.07,600.005
queen9_9-20.3.col.19,queen9_9,20,3,19,28.5729,4.24143
queen9_9-20.4.col.11,queen9_9,20,4,11,608.566,600.005
queen9_9-20.4.col.19,queen9_9,20,4,19,40.5323,11.4997
queen9_9-20.5.col.11,queen9_9,20,5,11,9.59659,2.78136
queen9_9-20.5.col.19,queen9_9,20,5,19,20.9793,4.36131
queen9_9-5.1.col.0,queen9_9,5,1,0,0.0684869,0.055614
queen9_9-5.1.col.11,queen9_9,5,1,11,0.342156,0.099818
queen9_9-5.1.col.19,queen9_9,5,1,19,0.498399,0.154891
queen9_9-5.1.col.3,queen9_9,5,1,3,0.201617,0.116209
queen9_9-5.1.col.8,queen9_9,5,1,8,0.292911,0.086726
queen9_9-5.2.col.0,queen9_9,5,2,0,0.0600371,0.0426209
queen9_9-5.2.col.11,queen9_9,5,2,11,0.321165,0.102757
queen9_9-5.2.col.19,queen9_9,5,2,19,0.311707,0.035069
queen9_9-5.2.col.3,queen9_9,5,2,3,0.201229,0.123872
queen9_9-5.2.col.8,queen9_9,5,2,8,0.306022,0.118849
queen9_9-5.3.col.0,queen9_9,5,3,0,0.0569899,0.050421
queen9_9-5.3.col.11,queen9_9,5,3,11,0.327413,0.137166
queen9_9-5.3.col.19,queen9_9,5,3,19,0.339209,0.0373051
queen9_9-5.3.col.3,queen9_9,5,3,3,0.226935,0.143644
queen9_9-5.3.col.8,queen9_9,5,3,8,0.264539,0.0979989
queen9_9-5.4.col.0,queen9_9,5,4,0,0.059592,0.0526531
queen9_9-5.4.col.11,queen9_9,5,4,11,0.412504,0.1438
queen9_9-5.4.col.19,queen9_9,5,4,19,0.574069,0.210501
queen9_9-5.4.col.3,queen9_9,5,4,3,0.231707,0.148597
queen9_9-5.4.col.8,queen9_9,5,4,8,0.330391,0.0969672
queen9_9-5.5.col.0,queen9_9,5,5,0,0.0558629,0.0492859
queen9_9-5.5.col.11,queen9_9,5,5,11,0.352585,0.137629
queen9_9-5.5.col.19,queen9_9,5,5,19,0.550189,0.202828
queen9_9-5.5.col.3,queen9_9,5,5,3,0.103659,0.028255
queen9_9-5.5.col.8,queen9_9,5,5,8,0.281179,0.100169
